ingredients	primary cooking method	cooking methods	cooking tools
Team 0	3.6482945395988873	4	1.6190476190476188	2.638888888888889
Team 0	3.6482945395988873	4	3.2142857142857144	3.888888888888889
Team 0	3.6482945395988873	4	3.2142857142857144	3.888888888888889
Team 8	3.6482945395988873	4	3.2142857142857144	3.888888888888889
